Filename,Segment,WC,Analytic,Clout,Authentic,Tone,WPS,BigWords,Dic,Linguistic,function,pronoun,ppron,i,we,you,shehe,they,ipron,det,article,number,prep,auxverb,adverb,conj,negate,verb,adj,quantity,Drives,affiliation,achieve,power,Cognition,allnone,cogproc,insight,cause,discrep,tentat,certitude,differ,memory,Affect,tone_pos,tone_neg,emotion,emo_pos,emo_neg,emo_anx,emo_anger,emo_sad,swear,Social,socbehav,prosocial,polite,conflict,moral,comm,socrefs,family,friend,female,male,Culture,politic,ethnicity,tech,Lifestyle,leisure,home,work,money,relig,Physical,health,illness,wellness,mental,substances,sexual,food,death,need,want,acquire,lack,fulfill,fatigue,reward,risk,curiosity,allure,Perception,attention,motion,space,visual,auditory,feeling,time,focuspast,focuspresent,focusfuture,Conversation,netspeak,assent,nonflu,filler,AllPunc,Period,Comma,QMark,Exclam,Apostro,OtherP
hp_low.txt,1,13,99,1,30.98,20.23,6.5,7.69,84.62,69.23,61.54,15.38,7.69,7.69,0,0,0,0,7.69,15.38,15.38,0,23.08,0,7.69,0,0,7.69,0,0,0,0,0,0,0,0,0,0,0,0,0,0,0,0,7.69,0,0,0,0,0,0,0,0,7.69,0,0,0,0,0,0,0,0,0,0,0,0,0,0,0,0,7.69,0,0,0,0,7.69,0,0,0,0,0,0,0,0,0,0,0,0,0,0,0,0,0,0,0,15.38,0,0,7.69,0,7.69,0,0,7.69,0,0,0,0,0,0,0,30.77,7.69,0,7.69,0,0,15.38
hp_low.txt,2,6,99,1,99,20.23,6,16.67,66.67,66.67,50,16.67,16.67,16.67,0,0,0,0,0,16.67,16.67,0,16.67,0,0,0,0,16.67,0,0,0,0,0,0,0,0,0,0,0,0,0,0,0,0,0,0,0,0,0,0,0,0,0,0,0,0,0,0,0,0,0,0,0,0,0,0,0,0,0,0,0,0,0,0,0,0,0,0,0,0,0,0,0,0,0,0,0,0,0,0,0,0,0,0,0,33.33,0,0,16.67,16.67,0,0,0,16.67,0,0,0,0,0,0,0,33.33,16.67,0,0,0,0,16.67
hp_low.txt,3,20,69.05,40.06,7.03,99,20,30,80,60,50,15,10,5,0,0,5,0,5,25,10,0,10,10,0,5,0,20,0,0,10,10,0,0,0,0,0,0,0,0,0,0,0,0,10,10,0,10,5,0,0,0,0,0,10,5,5,0,0,0,0,5,0,0,0,5,0,0,0,0,5,5,0,0,0,0,5,0,0,0,0,0,0,0,0,0,0,0,0,0,0,0,0,0,0,10,0,5,5,0,0,0,0,10,0,0,0,0,0,0,0,15,5,10,0,0,0,0
hp_low.txt,4,9,33.38,40.06,1,1,9,11.11,88.89,77.78,66.67,11.11,11.11,0,0,0,11.11,0,0,0,0,0,33.33,11.11,11.11,22.22,0,22.22,0,0,0,0,0,0,11.11,0,11.11,0,0,0,11.11,0,11.11,0,11.11,0,11.11,0,0,0,0,0,0,0,11.11,0,0,0,0,0,0,11.11,0,0,11.11,0,0,0,0,0,0,0,0,0,0,0,11.11,11.11,11.11,0,0,0,0,0,0,0,0,0,0,0,0,0,0,0,0,11.11,0,0,0,11.11,0,0,0,22.22,0,22.22,0,0,0,0,0,11.11,11.11,0,0,0,0,0
hp_low.txt,5,14,99,40.06,72.58,20.23,14,14.29,71.43,57.14,50,14.29,14.29,7.14,0,0,7.14,0,0,14.29,14.29,0,21.43,0,0,0,0,7.14,0,0,0,0,0,0,7.14,0,7.14,0,0,0,0,0,0,0,0,0,0,0,0,0,0,0,0,0,14.29,7.14,0,0,0,0,7.14,7.14,0,0,0,7.14,0,0,0,0,0,0,0,0,0,0,0,0,0,0,0,0,0,0,0,0,0,0,0,0,0,0,0,0,0,21.43,0,7.14,14.29,0,0,0,0,0,0,0,0,0,0,0,0,28.57,7.14,7.14,0,0,0,14.29
hp_low.txt,6,11,1.5,1,99,20.23,11,18.18,72.73,72.73,54.55,27.27,27.27,18.18,0,0,9.09,0,0,0,0,0,9.09,18.18,0,0,9.09,27.27,9.09,0,0,0,0,0,18.18,0,18.18,9.09,0,0,0,0,9.09,0,0,0,0,0,0,0,0,0,0,0,9.09,0,0,0,0,0,0,9.09,0,0,0,9.09,0,0,0,0,0,0,0,0,0,0,9.09,0,0,0,0,0,0,0,0,0,0,0,0,0,0,0,0,0,9.09,18.18,0,0,9.09,9.09,0,0,0,9.09,9.09,0,0,0,0,0,0,36.36,9.09,0,0,0,9.09,18.18
hp_low.txt,7,4,1,99,1,99,4,0,100,100,75,25,25,0,0,25,0,0,0,0,0,0,0,25,25,0,0,50,0,0,0,0,0,0,0,0,0,0,0,0,0,0,0,0,25,25,0,0,0,0,0,0,0,0,50,25,0,0,0,0,25,25,0,0,0,0,0,0,0,0,0,0,0,0,0,0,0,0,0,0,0,0,0,0,0,0,0,0,0,0,0,0,0,0,0,0,0,0,0,0,0,0,0,25,0,0,0,0,0,0,0,150,75,25,0,0,0,50
hp_low.txt,8,13,1,1,99,1,13,7.69,100,84.62,76.92,30.77,23.08,23.08,0,0,0,0,7.69,0,0,0,7.69,15.38,15.38,7.69,0,23.08,0,0,0,0,0,0,15.38,0,15.38,15.38,7.69,0,0,0,0,0,7.69,0,7.69,7.69,0,7.69,0,7.69,0,0,0,0,0,0,0,0,0,0,0,0,0,0,0,0,0,0,0,0,0,0,0,0,0,0,0,0,0,0,0,0,0,0,0,0,0,0,0,0,0,0,7.69,7.69,0,0,7.69,0,0,0,0,7.69,0,0,0,0,0,0,0,15.38,7.69,7.69,0,0,0,0
hp_low.txt,9,21,94.68,1,56.69,1,21,14.29,80.95,66.67,57.14,9.52,9.52,9.52,0,0,0,0,0,23.81,14.29,4.76,19.05,4.76,4.76,4.76,4.76,9.52,9.52,4.76,0,0,0,0,4.76,0,4.76,0,0,0,0,0,4.76,0,4.76,0,4.76,4.76,0,4.76,0,4.76,0,0,4.76,4.76,0,0,4.76,0,0,0,0,0,0,0,0,0,0,0,0,0,0,0,0,0,0,0,0,0,0,0,0,0,0,0,0,0,0,0,0,0,0,0,4.76,9.52,0,0,0,9.52,0,0,4.76,4.76,0,9.52,0,0,0,0,0,4.76,4.76,0,0,0,0,0
hp_low.txt,10,15,77.34,96.04,1,20.23,15,33.33,80,66.67,53.33,6.67,6.67,0,0,0,6.67,0,0,13.33,13.33,0,13.33,6.67,6.67,13.33,0,13.33,6.67,0,0,0,0,0,20,0,20,0,6.67,0,0,6.67,0,0,0,0,0,0,0,0,0,0,0,0,13.33,0,0,0,0,0,0,13.33,0,0,6.67,0,0,0,0,0,0,0,0,0,0,0,0,0,0,0,0,0,0,0,0,0,0,6.67,0,0,0,0,0,0,0,0,0,0,0,0,0,0,0,13.33,0,6.67,0,0,0,0,0,26.67,6.67,13.33,0,0,6.67,0
hp_low.txt,11,19,80.4,98.27,1,1,19,31.58,78.95,57.89,42.11,10.53,10.53,0,0,0,10.53,0,0,15.79,5.26,0,15.79,0,5.26,10.53,0,5.26,10.53,0,5.26,0,0,5.26,0,0,0,0,0,0,0,0,0,0,15.79,0,15.79,5.26,0,5.26,0,5.26,0,0,26.32,10.53,0,0,5.26,0,5.26,15.79,0,0,10.53,0,0,0,0,0,5.26,0,0,5.26,0,0,5.26,0,0,0,0,0,0,0,0,0,0,0,0,0,0,0,5.26,0,5.26,10.53,5.26,0,5.26,5.26,0,0,10.53,0,0,0,0,0,0,0,0,10.53,5.26,0,0,0,0,5.26
hp_low.txt,12,7,56.86,40.06,1,20.23,7,28.57,57.14,42.86,42.86,0,0,0,0,0,0,0,0,14.29,0,0,14.29,14.29,0,0,14.29,14.29,0,0,0,0,0,0,14.29,14.29,0,0,0,0,0,0,0,0,0,0,0,0,0,0,0,0,0,0,14.29,0,0,0,0,0,0,14.29,0,0,0,0,0,0,0,0,14.29,0,0,14.29,0,0,0,0,0,0,0,0,0,0,0,0,0,0,0,0,0,0,0,0,14.29,0,0,0,0,0,0,0,0,14.29,0,0,0,0,0,0,0,28.57,14.29,0,0,0,14.29,0
hp_low.txt,13,16,26.1,1,89.39,1,16,25,81.25,68.75,50,12.5,12.5,6.25,0,0,6.25,0,0,25,6.25,0,6.25,0,12.5,6.25,6.25,18.75,6.25,0,0,0,0,0,25,6.25,18.75,0,0,0,6.25,6.25,12.5,0,6.25,0,6.25,0,0,0,0,0,0,0,12.5,6.25,0,0,0,0,0,6.25,0,0,6.25,0,0,0,0,0,0,0,0,0,0,0,0,0,0,0,0,0,0,0,0,0,0,0,0,0,0,0,0,0,6.25,31.25,6.25,6.25,6.25,12.5,0,0,0,12.5,0,0,0,0,0,0,0,31.25,6.25,18.75,0,0,6.25,0
hp_low.txt,14,4,26.1,99,89.39,20.23,4,0,100,75,75,50,25,0,0,0,25,0,25,50,0,0,25,0,0,0,0,0,0,0,0,0,0,0,0,0,0,0,0,0,0,0,0,0,0,0,0,0,0,0,0,0,0,0,25,0,0,0,0,0,0,25,0,0,25,0,0,0,0,0,0,0,0,0,0,0,0,0,0,0,0,0,0,0,0,0,0,0,0,0,0,0,0,0,0,50,0,0,50,0,0,0,0,0,0,0,0,0,0,0,0,25,25,0,0,0,0,0
hp_low.txt,15,11,97.37,1,95.15,20.23,11,18.18,90.91,54.55,54.55,9.09,9.09,9.09,0,0,0,0,0,18.18,18.18,0,18.18,0,9.09,0,9.09,0,0,9.09,0,0,0,0,36.36,0,36.36,0,0,0,18.18,18.18,18.18,0,0,0,0,0,0,0,0,0,0,0,0,0,0,0,0,0,0,0,0,0,0,0,0,0,0,0,9.09,0,0,0,9.09,0,0,0,0,0,0,0,0,0,0,0,0,0,0,0,0,0,0,0,0,9.09,9.09,0,0,0,0,0,0,0,0,0,0,0,0,0,0,27.27,9.09,0,0,0,9.09,9.09
hp_low.txt,16,11,1,1,95.15,20.23,11,0,81.82,72.73,72.73,18.18,9.09,9.09,0,0,0,0,9.09,18.18,0,0,9.09,27.27,9.09,0,9.09,27.27,0,0,0,0,0,0,18.18,9.09,9.09,9.09,9.09,0,0,0,0,0,0,0,0,0,0,0,0,0,0,0,0,0,0,0,0,0,0,0,0,0,0,0,0,0,0,0,0,0,0,0,0,0,0,0,0,0,0,0,0,0,0,0,0,0,0,0,0,0,0,0,18.18,0,0,0,0,0,0,0,9.09,27.27,9.09,0,0,0,0,0,0,9.09,9.09,0,0,0,0,0
hp_low.txt,17,20,80.96,1,99,99,20,35,80,60,50,10,10,10,0,0,0,0,0,10,5,0,20,5,0,10,5,5,10,5,5,5,0,0,25,5,20,0,0,0,0,10,10,0,10,10,0,0,0,0,0,0,0,0,5,5,0,5,0,0,5,0,0,0,0,0,0,0,0,0,5,0,0,0,5,0,0,0,0,0,0,0,0,0,0,0,0,0,0,0,0,0,0,0,0,15,5,0,10,0,0,0,10,5,0,0,0,0,0,0,0,20,5,10,0,0,5,0
hp_low.txt,18,21,99,16.63,84.92,88.66,21,23.81,80.95,66.67,57.14,9.52,4.76,4.76,0,0,0,0,4.76,23.81,9.52,0,23.81,4.76,0,4.76,0,14.29,4.76,4.76,0,0,0,0,9.52,0,9.52,4.76,4.76,0,0,0,0,0,4.76,4.76,0,0,0,0,0,0,0,0,0,0,0,0,0,0,0,0,0,0,0,0,0,0,0,0,0,0,0,0,0,0,0,0,0,0,0,0,0,0,0,0,0,0,0,0,0,0,0,0,0,14.29,4.76,4.76,4.76,0,0,0,4.76,4.76,0,0,0,0,0,0,0,4.76,4.76,0,0,0,0,0
hp_low.txt,19,19,89.52,40.06,8.42,99,19,21.05,84.21,73.68,57.89,10.53,10.53,5.26,0,0,5.26,0,0,10.53,5.26,0,26.32,5.26,5.26,10.53,0,15.79,5.26,0,5.26,0,5.26,0,5.26,0,5.26,0,0,0,5.26,0,0,0,10.53,10.53,0,0,0,0,0,0,0,0,10.53,5.26,0,0,0,0,5.26,5.26,0,0,5.26,0,0,0,0,0,0,0,0,0,0,0,0,0,0,0,0,0,0,0,0,0,0,0,0,0,0,5.26,0,0,5.26,0,0,0,0,0,0,0,10.53,5.26,0,0,0,0,0,0,0,21.05,5.26,5.26,0,0,0,10.53
hp_low.txt,20,20,99,15.75,98.38,90.5,20,25,85,65,60,10,5,5,0,0,0,0,5,30,15,5,25,5,0,0,0,5,15,5,0,0,0,0,5,0,5,5,5,0,0,0,0,0,5,5,0,0,0,0,0,0,0,0,5,5,0,0,0,0,5,0,0,0,0,0,0,0,0,0,0,0,0,0,0,0,0,0,0,0,0,0,0,0,0,0,0,0,0,0,0,0,0,0,0,5,0,0,5,0,0,0,15,5,0,0,0,0,0,0,0,20,5,0,0,0,0,15
hp_low.txt,21,18,98.16,2.75,96.01,1,18,16.67,88.89,66.67,55.56,22.22,11.11,11.11,0,0,0,0,11.11,22.22,11.11,0,22.22,0,0,0,0,11.11,0,0,0,0,0,0,11.11,0,11.11,5.56,5.56,0,0,0,0,0,11.11,0,11.11,0,0,0,0,0,0,0,11.11,11.11,0,0,0,5.56,5.56,0,0,0,0,0,0,0,0,0,0,0,0,0,0,0,0,0,0,0,0,0,0,0,0,0,0,0,0,0,0,0,5.56,0,0,22.22,5.56,0,11.11,0,5.56,0,0,0,0,0,0,0,0,0,0,5.56,5.56,0,0,0,0,0
hp_low.txt,22,12,49.68,84.23,99,20.23,12,25,100,75,58.33,25,25,8.33,0,0,16.67,0,0,25,0,8.33,25,0,8.33,8.33,0,0,8.33,16.67,0,0,0,0,0,0,0,0,0,0,0,0,0,0,0,0,0,0,0,0,0,0,0,0,16.67,0,0,0,0,0,0,16.67,0,0,0,16.67,0,0,0,0,8.33,0,8.33,0,0,0,0,0,0,0,0,0,0,0,0,0,0,0,0,0,0,0,0,0,0,25,0,16.67,8.33,0,0,0,16.67,8.33,0,0,0,0,0,0,0,8.33,8.33,0,0,0,0,0
hp_low.txt,23,14,35.59,79.51,1,20.23,14,14.29,92.86,78.57,71.43,28.57,21.43,7.14,0,0,7.14,0,7.14,21.43,0,7.14,21.43,7.14,0,0,7.14,14.29,7.14,21.43,0,0,0,0,7.14,7.14,0,0,0,0,0,0,0,0,0,0,0,0,0,0,0,0,0,0,21.43,0,0,0,0,0,0,21.43,0,0,0,14.29,0,0,0,0,7.14,0,0,0,7.14,0,0,0,0,0,0,0,0,0,0,0,0,0,0,0,0,0,0,0,0,7.14,7.14,0,0,0,0,0,0,14.29,0,0,0,0,0,0,0,14.29,7.14,7.14,0,0,0,0
hp_low.txt,24,34,72.12,2.18,46.57,99,34,8.82,94.12,73.53,61.76,14.71,8.82,8.82,0,0,0,0,5.88,20.59,5.88,2.94,17.65,5.88,5.88,5.88,0,11.76,11.76,5.88,0,0,0,0,23.53,2.94,20.59,0,0,5.88,2.94,5.88,2.94,0,14.71,14.71,0,8.82,8.82,0,0,0,0,0,14.71,14.71,0,0,0,2.94,2.94,0,0,0,0,0,0,0,0,0,0,0,0,0,0,0,2.94,0,0,0,0,0,0,0,0,0,0,0,0,0,0,0,0,0,2.94,14.71,0,0,11.76,2.94,0,0,0,2.94,0,0,0,0,0,0,0,8.82,2.94,5.88,0,0,0,0
hp_low.txt,25,17,95.53,40.06,97.97,1,17,17.65,82.35,64.71,47.06,11.76,11.76,5.88,0,0,5.88,0,0,11.76,5.88,0,23.53,0,0,11.76,0,11.76,0,0,0,0,0,0,5.88,0,5.88,0,0,0,0,0,0,0,5.88,0,5.88,0,0,0,0,0,0,0,11.76,5.88,0,0,0,0,5.88,5.88,0,0,5.88,0,0,0,0,0,0,0,0,0,0,0,0,0,0,0,0,0,0,0,0,0,0,0,0,0,0,0,11.76,0,0,17.65,5.88,5.88,5.88,0,0,0,17.65,11.76,0,0,0,0,0,0,0,17.65,5.88,5.88,0,0,5.88,0
hp_low.txt,26,9,1,1,77.17,1,9,33.33,100,66.67,66.67,11.11,11.11,0,0,0,0,11.11,0,22.22,11.11,0,0,22.22,22.22,0,22.22,22.22,11.11,0,0,0,0,0,44.44,11.11,33.33,0,11.11,0,11.11,0,11.11,0,22.22,0,22.22,22.22,0,22.22,0,22.22,0,0,33.33,22.22,0,0,22.22,0,22.22,11.11,0,0,0,0,0,0,0,0,0,0,0,0,0,0,0,0,0,0,0,0,0,0,0,0,0,0,0,0,0,0,0,0,11.11,0,0,0,0,0,0,0,11.11,22.22,0,0,0,0,0,0,0,33.33,11.11,0,0,0,11.11,11.11
hp_low.txt,27,26,74.95,40.06,11.63,1,26,34.62,92.31,57.69,57.69,11.54,7.69,0,0,0,7.69,0,3.85,11.54,7.69,0,15.38,11.54,0,3.85,3.85,11.54,3.85,3.85,7.69,0,0,7.69,19.23,0,19.23,3.85,3.85,0,3.85,0,3.85,0,11.54,0,11.54,3.85,0,3.85,0,3.85,0,0,23.08,15.38,0,0,3.85,7.69,3.85,7.69,0,0,0,7.69,0,0,0,0,0,0,0,0,0,0,0,0,0,0,0,0,0,0,0,0,0,0,0,0,0,0,0,0,7.69,7.69,0,0,7.69,0,0,0,3.85,11.54,0,3.85,0,0,0,0,0,3.85,0,0,0,0,0,3.85
hp_low.txt,28,22,12.37,17.46,99,20.23,22,18.18,90.91,86.36,72.73,31.82,22.73,9.09,0,0,13.64,0,9.09,9.09,4.55,0,18.18,4.55,9.09,4.55,4.55,18.18,0,0,0,0,0,0,18.18,9.09,9.09,4.55,0,0,0,0,4.55,0,0,0,0,0,0,0,0,0,0,0,22.73,9.09,0,0,0,0,4.55,13.64,0,0,0,13.64,0,0,0,0,0,0,0,0,0,0,0,0,0,0,0,0,0,0,0,0,0,0,0,0,0,0,0,0,0,18.18,0,9.09,9.09,0,0,0,9.09,13.64,0,0,0,0,0,0,0,18.18,4.55,4.55,0,0,0,9.09
hp_high.txt,1,10,69.05,89.5,1,20.23,10,20,80,70,70,20,10,0,0,0,10,0,10,10,10,0,30,20,0,10,0,20,0,0,10,0,0,10,10,0,10,0,10,0,0,0,0,0,0,0,0,0,0,0,0,0,0,0,10,0,0,0,0,0,0,10,0,0,0,10,0,0,0,0,0,0,0,0,0,0,0,0,0,0,0,0,0,0,0,0,0,0,0,0,0,0,0,0,0,0,0,0,0,0,0,0,10,10,0,0,0,0,0,0,0,20,10,0,0,0,10,0
hp_high.txt,2,4,26.1,40.06,1,20.23,4,0,75,75,75,25,0,0,0,0,0,0,25,50,25,0,0,25,0,0,0,25,0,0,0,0,0,0,0,0,0,0,0,0,0,0,0,0,0,0,0,0,0,0,0,0,0,0,0,0,0,0,0,0,0,0,0,0,0,0,0,0,0,0,0,0,0,0,0,0,0,0,0,0,0,0,0,0,0,0,0,0,0,0,0,0,0,0,0,0,0,0,0,0,0,0,0,0,25,0,0,0,0,0,0,50,25,25,0,0,0,0
hp_high.txt,3,7,89.52,40.06,97.09,20.23,7,0,85.71,71.43,71.43,14.29,0,0,0,0,0,0,14.29,42.86,14.29,0,14.29,14.29,0,0,0,14.29,0,0,28.57,0,28.57,0,28.57,28.57,0,0,0,0,0,0,0,0,0,0,0,0,0,0,0,0,0,0,0,0,0,0,0,0,0,0,0,0,0,0,0,0,0,0,0,0,0,0,0,0,0,0,0,0,0,0,0,0,0,0,0,0,0,0,0,0,0,0,0,28.57,0,0,28.57,0,0,0,0,14.29,0,0,0,0,0,0,0,14.29,14.29,0,0,0,0,0
hp_high.txt,4,13,89.52,81.78,1,20.23,13,23.08,84.62,53.85,46.15,7.69,7.69,0,0,0,7.69,0,0,15.38,15.38,0,15.38,15.38,7.69,0,0,23.08,0,0,0,0,0,0,7.69,0,7.69,0,0,0,7.69,0,0,0,0,0,0,0,0,0,0,0,0,0,7.69,0,0,0,0,0,0,7.69,0,0,0,7.69,0,0,0,0,7.69,0,0,7.69,0,0,7.69,0,0,0,0,0,0,0,7.69,0,0,0,0,0,0,0,0,0,7.69,0,0,0,0,0,0,0,7.69,15.38,0,0,0,0,0,0,0,23.08,7.69,7.69,0,0,7.69,0
hp_high.txt,5,24,62.1,40.06,39.59,83,24,12.5,91.67,87.5,70.83,4.17,4.17,0,0,0,4.17,0,0,12.5,12.5,0,20.83,16.67,16.67,8.33,0,20.83,8.33,4.17,0,0,0,0,4.17,0,4.17,0,0,0,0,0,4.17,0,4.17,4.17,0,4.17,4.17,0,0,0,0,0,4.17,0,0,0,0,0,0,4.17,0,0,0,4.17,0,0,0,0,4.17,0,0,0,4.17,0,4.17,0,0,0,0,0,0,0,0,0,0,0,0,0,0,0,0,0,4.17,12.5,0,0,12.5,0,0,0,4.17,16.67,0,0,0,0,0,0,0,8.33,4.17,4.17,0,0,0,0
hp_high.txt,6,11,71.44,40.06,50.45,1,11,9.09,90.91,81.82,63.64,0,0,0,0,0,0,0,0,27.27,18.18,9.09,9.09,18.18,9.09,9.09,0,27.27,9.09,9.09,9.09,0,0,9.09,0,0,0,0,0,0,0,0,0,0,18.18,0,18.18,0,0,0,0,0,0,0,9.09,9.09,0,0,9.09,0,0,0,0,0,0,0,0,0,0,0,0,0,0,0,0,0,0,0,0,0,0,0,0,0,0,0,0,9.09,0,0,0,0,0,0,9.09,9.09,0,0,9.09,0,0,0,9.09,27.27,0,0,0,0,0,0,0,18.18,9.09,9.09,0,0,0,0
hp_high.txt,7,7,1,99,24.32,20.23,7,28.57,100,100,85.71,28.57,28.57,0,0,0,28.57,0,0,0,0,0,0,14.29,42.86,0,0,28.57,0,0,0,0,0,0,28.57,0,28.57,14.29,14.29,0,14.29,0,0,0,0,0,0,0,0,0,0,0,0,0,28.57,0,0,0,0,0,0,28.57,0,0,0,28.57,0,0,0,0,0,0,0,0,0,0,0,0,0,0,0,0,0,0,0,0,0,0,0,0,0,0,0,14.29,0,14.29,0,0,14.29,0,0,0,14.29,28.57,0,0,0,0,0,0,0,42.86,14.29,28.57,0,0,0,0
hp_high.txt,8,10,3.8,99,1,20.23,10,10,90,70,60,30,30,0,0,0,30,0,0,0,0,0,10,20,0,0,0,30,0,0,0,0,0,0,10,0,10,0,0,10,0,0,0,0,0,0,0,0,0,0,0,0,0,0,40,0,0,0,0,0,0,40,10,0,20,10,0,0,0,0,10,0,10,0,0,0,10,10,0,0,0,0,10,0,0,10,0,0,0,0,0,0,0,0,0,10,0,0,10,0,0,0,0,30,0,0,0,0,0,0,0,30,10,20,0,0,0,0
hp_high.txt,9,8,26.1,1.71,89.39,20.23,8,0,100,100,75,12.5,12.5,0,0,0,12.5,0,0,0,0,0,25,12.5,12.5,0,12.5,37.5,0,0,0,0,0,0,50,0,50,12.5,0,25,25,0,12.5,0,0,0,0,0,0,0,0,0,0,0,12.5,0,0,0,0,0,0,12.5,0,0,0,12.5,0,0,0,0,0,0,0,0,0,0,0,0,0,0,0,0,0,0,0,0,0,0,0,0,0,0,0,0,12.5,25,0,0,25,0,0,0,12.5,0,0,0,0,0,0,0,0,12.5,12.5,0,0,0,0,0
hp_high.txt,10,4,26.1,40.06,89.39,20.23,4,25,75,75,25,0,0,0,0,0,0,0,0,0,0,0,0,25,0,0,0,50,25,0,0,0,0,0,25,0,25,0,0,0,0,0,0,0,0,0,0,0,0,0,0,0,0,0,0,0,0,0,0,0,0,0,0,0,0,0,0,0,0,0,0,0,0,0,0,0,0,0,0,0,0,0,0,0,0,0,0,0,0,0,0,0,0,0,0,25,0,25,0,0,0,0,0,50,0,0,0,0,0,0,0,50,25,25,0,0,0,0
hp_high.txt,11,15,1,1,63.35,97.84,15,0,100,80,73.33,6.67,6.67,0,0,0,0,0,0,13.33,0,0,0,20,13.33,26.67,6.67,26.67,13.33,6.67,0,0,0,0,26.67,0,26.67,0,0,6.67,0,0,20,0,6.67,6.67,0,6.67,6.67,0,0,0,0,0,6.67,0,0,0,0,0,0,6.67,0,0,0,0,0,0,0,0,0,0,0,0,0,0,6.67,0,0,0,0,0,0,0,6.67,0,0,0,0,0,0,0,0,0,26.67,0,0,0,0,0,0,0,6.67,13.33,0,0,0,0,0,0,0,26.67,6.67,20,0,0,0,0
hp_high.txt,12,17,79.1,93.56,99,20.23,17,17.65,94.12,64.71,58.82,11.76,11.76,0,0,0,11.76,0,0,5.88,5.88,0,23.53,11.76,5.88,5.88,0,17.65,0,5.88,0,0,0,0,0,0,0,0,0,0,0,0,0,0,0,0,0,0,0,0,0,0,0,0,11.76,0,0,0,0,0,0,11.76,0,0,0,11.76,0,0,0,0,0,0,0,0,0,0,0,0,0,0,0,0,0,0,0,0,0,0,0,0,0,0,0,0,5.88,35.29,0,11.76,29.41,0,0,0,5.88,23.53,0,0,0,0,0,0,0,5.88,5.88,0,0,0,0,0
hp_high.txt,13,14,89.52,79.51,1,1,14,7.14,14.29,0,0,0,0,0,0,0,0,0,0,0,0,0,0,0,0,0,0,0,0,0,7.14,7.14,0,0,0,0,0,0,0,0,0,0,0,0,7.14,0,7.14,7.14,0,7.14,0,0,0,0,7.14,0,0,0,0,0,0,7.14,7.14,0,0,7.14,0,0,0,0,0,0,0,0,0,0,0,0,0,0,0,0,0,0,0,0,0,0,0,0,0,0,0,0,0,0,0,0,0,0,0,0,0,0,0,0,0,0,0,0,0,7.14,7.14,0,0,0,0,0
hp_high.txt,14,8,5.64,1,15.38,20.23,8,12.5,87.5,62.5,50,0,0,0,0,0,0,0,0,0,0,0,12.5,12.5,12.5,12.5,12.5,25,0,0,0,0,0,0,25,0,25,0,0,12.5,0,0,12.5,0,12.5,0,0,0,0,0,0,0,0,12.5,12.5,12.5,0,0,0,12.5,0,0,0,0,0,0,0,0,0,0,12.5,0,0,0,0,12.5,12.5,0,0,0,0,0,0,0,12.5,0,0,0,0,0,0,0,0,0,0,0,0,0,0,0,0,0,12.5,12.5,0,0,0,0,0,0,0,37.5,12.5,12.5,0,0,12.5,0
hp_high.txt,15,12,2.87,40.06,39.59,20.23,12,0,100,100,91.67,25,16.67,0,0,0,8.33,8.33,8.33,33.33,0,0,16.67,8.33,8.33,8.33,8.33,8.33,33.33,33.33,0,0,0,0,16.67,8.33,8.33,0,0,0,0,0,8.33,0,0,0,0,0,0,0,0,0,0,0,16.67,0,0,0,0,0,0,16.67,0,0,0,8.33,0,0,0,0,0,0,0,0,0,0,0,0,0,0,0,0,0,0,0,0,0,0,0,0,0,0,0,0,8.33,16.67,0,0,16.67,0,0,0,0,8.33,0,0,0,0,0,0,0,25,8.33,16.67,0,0,0,0
hp_high.txt,16,6,1,98.75,99,20.23,6,16.67,100,100,83.33,33.33,16.67,0,0,0,0,16.67,16.67,0,0,0,16.67,16.67,16.67,16.67,0,16.67,16.67,0,0,0,0,0,33.33,0,33.33,0,0,0,16.67,0,16.67,0,0,0,0,0,0,0,0,0,0,0,33.33,0,0,0,0,0,0,33.33,0,0,0,0,0,0,0,0,0,0,0,0,0,0,0,0,0,0,0,0,0,0,0,0,0,0,0,0,0,0,0,0,16.67,16.67,0,0,16.67,0,0,0,0,16.67,0,0,0,0,0,0,0,33.33,16.67,16.67,0,0,0,0
hp_high.txt,17,8,1,40.06,1,20.23,8,12.5,100,100,87.5,25,12.5,0,0,0,12.5,0,12.5,12.5,0,0,12.5,25,25,0,12.5,37.5,0,0,0,0,0,0,37.5,0,37.5,0,12.5,12.5,12.5,0,0,0,0,0,0,0,0,0,0,0,0,0,12.5,0,0,0,0,0,0,12.5,0,0,0,12.5,0,0,0,0,0,0,0,0,0,0,0,0,0,0,0,0,0,0,0,0,0,0,0,0,0,0,0,0,12.5,25,0,0,25,0,0,0,0,12.5,0,0,0,0,0,0,0,25,12.5,0,0,0,12.5,0
hp_high.txt,18,5,1,40.06,1,20.23,5,20,100,100,80,20,20,0,0,0,20,0,0,0,0,0,20,20,20,0,20,40,0,0,0,0,0,0,40,0,40,0,20,20,0,0,0,0,0,0,0,0,0,0,0,0,0,0,20,0,0,0,0,0,0,20,0,0,0,20,0,0,0,0,0,0,0,0,0,0,0,0,0,0,0,0,0,0,0,0,0,0,0,0,0,0,0,0,20,40,20,0,20,20,0,0,0,0,0,0,0,0,0,0,0,40,20,0,0,0,20,0
hp_high.txt,19,10,1,40.06,7.03,20.23,10,10,100,90,80,20,10,0,0,0,10,0,10,10,0,0,20,10,30,0,10,20,0,0,0,0,0,0,20,0,20,0,10,10,0,0,0,0,0,0,0,0,0,0,0,0,0,0,10,0,0,0,0,0,0,10,0,0,0,10,0,0,0,0,0,0,0,0,0,0,0,0,0,0,0,0,0,0,0,0,0,0,0,0,0,0,0,0,0,20,0,10,10,0,0,0,10,0,0,0,0,0,0,0,0,40,10,20,0,0,10,0
hp_high.txt,20,1,99,40.06,1,20.23,1,0,100,100,100,0,0,0,0,0,0,0,0,100,100,0,0,0,0,0,0,0,0,0,0,0,0,0,0,0,0,0,0,0,0,0,0,0,0,0,0,0,0,0,0,0,0,0,0,0,0,0,0,0,0,0,0,0,0,0,0,0,0,0,0,0,0,0,0,0,0,0,0,0,0,0,0,0,0,0,0,0,0,0,0,0,0,0,0,0,0,0,0,0,0,0,0,0,0,0,0,0,0,0,0,400,100,0,0,0,0,300
hp_high.txt,21,5,99,40.06,63.35,20.23,5,0,80,80,40,0,0,0,0,0,0,0,0,20,20,0,20,0,0,0,0,40,0,0,0,0,0,0,0,0,0,0,0,0,0,0,0,0,0,0,0,0,0,0,0,0,0,0,0,0,0,0,0,0,0,0,0,0,0,0,0,0,0,0,0,0,0,0,0,0,20,0,0,0,0,0,0,0,0,0,0,0,0,0,0,0,0,0,20,0,0,0,0,0,0,0,20,20,0,0,0,0,0,0,0,20,20,0,0,0,0,0
hp_high.txt,22,25,99,82.98,3.34,1,25,20,84,72,60,8,4,0,0,0,4,0,4,16,16,0,24,8,0,4,0,16,4,0,4,0,0,4,8,0,8,0,4,0,4,0,0,0,4,0,4,0,0,0,0,0,0,0,12,4,0,0,0,4,0,8,0,0,0,4,0,0,0,0,0,0,0,0,0,0,0,0,0,0,0,0,0,0,0,0,0,0,0,0,0,0,0,0,0,16,0,0,12,4,0,0,0,8,0,0,0,0,0,0,0,12,4,8,0,0,0,0
hp_high.txt,23,5,89.52,40.06,63.35,20.23,5,0,60,60,40,0,0,0,0,0,0,0,0,20,20,0,0,20,0,0,0,40,0,0,0,0,0,0,0,0,0,0,0,0,0,0,0,0,0,0,0,0,0,0,0,0,0,0,20,20,0,0,0,0,20,0,0,0,0,0,0,0,0,0,0,0,0,0,0,0,0,0,0,0,0,0,0,0,0,0,0,0,0,0,0,0,0,0,0,20,0,0,20,0,0,0,0,20,20,0,0,0,0,0,0,100,20,20,0,0,20,40
hp_high.txt,24,7,18.12,97.11,1,20.23,7,0,71.43,71.43,57.14,14.29,14.29,0,0,0,14.29,0,0,14.29,14.29,0,0,14.29,14.29,0,0,28.57,0,0,0,0,0,0,0,0,0,0,0,0,0,0,0,0,0,0,0,0,0,0,0,0,0,0,14.29,0,0,0,0,0,0,14.29,0,0,0,14.29,0,0,0,0,0,0,0,0,0,0,0,0,0,0,0,0,0,0,0,0,0,0,0,0,0,0,0,0,0,14.29,0,0,14.29,0,0,0,0,28.57,0,0,0,0,0,0,0,28.57,0,14.29,14.29,0,0,0
hp_high.txt,25,10,1,89.5,1,20.23,10,10,80,80,70,20,10,0,0,0,10,0,10,20,0,10,10,20,20,10,0,30,10,10,0,0,0,0,10,0,10,0,0,10,0,0,0,0,0,0,0,0,0,0,0,0,0,0,20,10,0,0,0,0,10,10,0,0,0,10,0,0,0,0,0,0,0,0,0,0,0,0,0,0,0,0,0,0,0,0,0,0,0,0,0,0,0,0,0,0,0,0,0,0,0,0,10,10,0,0,0,0,0,0,0,10,0,0,10,0,0,0
hp_high.txt,26,24,1.39,40.06,1,20.23,24,16.67,91.67,83.33,75,16.67,8.33,0,0,0,8.33,0,8.33,12.5,4.17,0,8.33,25,4.17,8.33,4.17,33.33,4.17,0,0,0,0,0,29.17,0,29.17,4.17,4.17,12.5,4.17,8.33,4.17,4.17,0,0,0,0,0,0,0,0,0,0,8.33,0,0,0,0,0,0,8.33,0,0,0,8.33,0,0,0,0,0,0,0,0,0,0,4.17,0,0,0,0,0,0,0,0,0,0,0,0,0,0,0,0,0,4.17,12.5,0,0,8.33,4.17,0,0,0,12.5,0,0,0,0,0,0,0,12.5,4.17,4.17,0,0,4.17,0
hp_high.txt,27,17,95.53,93.56,97.97,20.23,17,11.76,70.59,58.82,52.94,5.88,5.88,0,0,0,0,5.88,0,17.65,17.65,0,11.76,5.88,5.88,5.88,0,11.76,0,0,0,0,0,0,0,0,0,0,0,0,0,0,0,0,0,0,0,0,0,0,0,0,0,0,11.76,0,0,0,0,0,0,11.76,5.88,0,0,5.88,0,0,0,0,5.88,0,5.88,0,0,0,0,0,0,0,0,0,0,0,0,0,0,0,0,0,0,0,0,0,0,29.41,0,5.88,23.53,0,0,0,0,11.76,0,0,0,0,0,0,0,11.76,5.88,5.88,0,0,0,0
hp_high.txt,28,2,89.52,40.06,1,20.23,2,50,50,0,0,0,0,0,0,0,0,0,0,0,0,0,0,0,0,0,0,0,0,0,0,0,0,0,0,0,0,0,0,0,0,0,0,0,0,0,0,0,0,0,0,0,0,0,0,0,0,0,0,0,0,0,0,0,0,0,0,0,0,0,0,0,0,0,0,0,0,0,0,0,0,0,0,0,0,0,0,0,0,0,0,0,0,0,0,50,0,0,0,0,50,0,0,0,0,0,0,0,0,0,0,50,50,0,0,0,0,0
hp_high.txt,29,8,62.1,1.71,1,99,8,12.5,87.5,75,75,12.5,0,0,0,0,0,0,12.5,25,0,0,25,25,0,0,0,25,0,0,0,0,0,0,37.5,0,37.5,0,0,12.5,12.5,0,12.5,0,12.5,12.5,0,12.5,12.5,0,0,0,0,0,0,0,0,0,0,0,0,0,0,0,0,0,0,0,0,0,0,0,0,0,0,0,0,0,0,0,0,0,0,0,0,0,0,0,0,0,0,0,0,0,25,0,0,0,0,0,0,0,0,0,0,0,0,0,0,0,0,12.5,12.5,0,0,0,0,0
hp_high.txt,30,16,1,11.66,99,1,16,6.25,93.75,75,56.25,25,18.75,6.25,0,0,6.25,0,6.25,12.5,0,0,6.25,12.5,12.5,12.5,6.25,25,6.25,0,0,0,0,0,25,0,25,12.5,0,0,6.25,0,12.5,0,6.25,0,6.25,0,0,0,0,0,0,0,31.25,12.5,0,0,0,0,12.5,18.75,6.25,0,0,12.5,0,0,0,0,0,0,0,0,0,0,0,0,0,0,0,0,0,0,0,0,0,0,0,0,0,0,6.25,0,6.25,18.75,6.25,0,6.25,0,6.25,0,0,6.25,6.25,0,0,0,0,0,0,62.5,0,18.75,0,6.25,18.75,18.75
hp_high.txt,31,26,1,40.06,2.93,79.29,26,15.38,88.46,80.77,73.08,19.23,3.85,0,0,0,0,3.85,15.38,7.69,0,0,15.38,19.23,15.38,11.54,0,23.08,3.85,0,3.85,0,3.85,0,23.08,0,23.08,3.85,0,7.69,11.54,0,3.85,0,3.85,3.85,0,0,0,0,0,0,0,0,3.85,0,0,0,0,0,0,3.85,0,0,0,0,0,0,0,0,0,0,0,0,0,0,0,0,0,0,0,0,0,0,0,0,0,0,0,0,0,0,0,0,3.85,3.85,0,0,3.85,0,0,0,3.85,11.54,7.69,0,0,0,0,0,0,7.69,3.85,3.85,0,0,0,0
hp_high.txt,32,13,4.85,1,99,20.23,13,0,84.62,84.62,69.23,15.38,7.69,0,0,0,0,7.69,7.69,15.38,7.69,0,15.38,15.38,0,23.08,7.69,30.77,0,0,0,0,0,0,23.08,0,23.08,7.69,0,0,7.69,0,15.38,0,0,0,0,0,0,0,0,0,0,0,7.69,0,0,0,0,0,0,7.69,0,0,0,0,0,0,0,0,0,0,0,0,0,0,0,0,0,0,0,0,0,0,0,0,0,0,0,0,0,0,0,0,15.38,7.69,0,7.69,7.69,0,0,0,0,15.38,0,0,0,0,0,0,0,15.38,7.69,0,0,0,7.69,0
hp_high.txt,33,17,3.11,2.18,46.57,20.23,17,11.76,94.12,82.35,76.47,17.65,11.76,0,0,0,0,0,5.88,5.88,0,0,17.65,11.76,23.53,0,5.88,17.65,11.76,0,0,0,0,0,29.41,0,29.41,0,0,11.76,0,0,17.65,0,0,0,0,0,0,0,0,0,0,0,23.53,11.76,0,0,0,0,5.88,11.76,0,0,0,0,0,0,0,0,0,0,0,0,0,0,0,0,0,0,0,0,0,0,0,0,0,5.88,0,0,0,0,0,0,5.88,11.76,0,0,11.76,0,0,0,0,0,0,0,0,0,0,0,0,11.76,0,5.88,5.88,0,0,0
hp_high.txt,34,17,99,40.06,83.69,20.23,17,5.88,82.35,58.82,47.06,5.88,0,0,0,0,0,0,5.88,23.53,17.65,0,17.65,0,0,5.88,0,5.88,5.88,0,0,0,0,0,0,0,0,0,0,0,0,0,0,0,11.76,5.88,5.88,0,0,0,0,0,0,0,0,0,0,0,0,0,0,0,0,0,0,0,0,0,0,0,0,0,0,0,0,0,0,0,0,0,0,0,0,0,0,0,0,0,0,0,0,0,0,0,5.88,23.53,0,11.76,11.76,0,0,0,0,11.76,0,0,0,0,0,0,0,5.88,5.88,0,0,0,0,0
hp_high.txt,35,8,98.55,40.06,89.39,99,8,37.5,75,75,37.5,0,0,0,0,0,0,0,0,12.5,12.5,0,12.5,0,12.5,0,0,25,12.5,0,0,0,0,0,0,0,0,0,0,0,0,0,0,0,12.5,12.5,0,0,0,0,0,0,0,0,12.5,12.5,0,0,0,0,0,0,0,0,0,0,0,0,0,0,0,0,0,0,0,0,0,0,0,0,0,0,0,0,0,0,0,0,0,0,0,0,0,0,0,37.5,0,0,25,12.5,0,0,0,12.5,0,0,0,0,0,0,0,25,12.5,12.5,0,0,0,0
hero_low.txt,1,8,26.1,1,89.39,99,8,0,75,62.5,50,0,0,0,0,0,0,0,0,12.5,12.5,0,0,25,0,0,12.5,25,0,12.5,0,0,0,0,12.5,0,12.5,0,0,0,0,0,12.5,0,12.5,12.5,0,12.5,12.5,0,0,0,0,0,0,0,0,0,0,0,0,0,0,0,0,0,0,0,0,0,0,0,0,0,0,0,0,0,0,0,0,0,0,0,0,0,0,0,0,0,0,0,0,0,25,0,0,0,0,0,0,0,12.5,12.5,0,0,0,0,0,0,0,12.5,12.5,0,0,0,0,0
hero_low.txt,2,30,49.68,98.75,7.03,1,30,10,96.67,73.33,53.33,16.67,16.67,0,0,0,13.33,3.33,0,16.67,0,3.33,20,6.67,3.33,6.67,3.33,23.33,6.67,3.33,13.33,10,0,3.33,6.67,0,6.67,0,0,0,0,0,3.33,0,6.67,0,6.67,0,0,0,0,0,0,0,26.67,3.33,0,0,0,3.33,0,23.33,6.67,0,16.67,0,0,0,0,0,6.67,0,6.67,0,0,0,3.33,0,0,0,0,0,0,0,3.33,0,0,0,0,0,0,0,0,0,3.33,23.33,6.67,6.67,10,0,0,0,3.33,13.33,0,6.67,0,0,0,0,0,13.33,3.33,6.67,0,0,3.33,0
hero_low.txt,3,23,8.37,85.5,1,1,23,21.74,100,82.61,65.22,26.09,17.39,0,0,0,17.39,0,8.7,26.09,4.35,0,8.7,8.7,0,8.7,4.35,21.74,8.7,4.35,8.7,4.35,0,4.35,30.43,0,30.43,4.35,0,8.7,13.04,0,8.7,0,4.35,0,4.35,0,0,0,0,0,0,0,26.09,4.35,0,0,0,0,0,21.74,4.35,0,17.39,0,0,0,0,0,0,0,0,0,0,0,0,0,0,0,0,0,0,0,0,0,0,0,0,0,0,0,0,0,0,13.04,0,8.7,8.7,0,0,0,0,13.04,0,0,0,0,0,0,0,13.04,4.35,8.7,0,0,0,0
hero_low.txt,4,12,2.87,1,3.81,20.23,12,16.67,83.33,58.33,50,8.33,0,0,0,0,0,0,8.33,41.67,0,0,0,0,0,8.33,25,8.33,0,8.33,0,0,0,0,50,25,25,0,8.33,0,8.33,0,8.33,0,0,0,0,0,0,0,0,0,0,0,0,0,0,0,0,0,0,0,0,0,0,0,0,0,0,0,0,0,0,0,0,0,8.33,0,0,0,0,0,0,8.33,0,0,0,0,0,0,0,0,0,0,33.33,0,0,0,0,0,0,0,0,8.33,0,0,0,0,0,0,0,33.33,8.33,16.67,0,0,0,8.33
hero_low.txt,5,40,80.96,40.06,2.73,2.86,40,15,92.5,67.5,52.5,10,7.5,0,0,0,2.5,2.5,2.5,12.5,2.5,0,20,5,2.5,7.5,2.5,17.5,7.5,5,5,2.5,2.5,0,17.5,0,17.5,5,0,2.5,0,0,7.5,0,2.5,0,2.5,0,0,0,0,0,0,0,15,5,0,0,0,0,0,10,2.5,0,5,0,0,0,0,0,5,0,0,0,5,0,2.5,0,0,0,0,0,0,2.5,0,2.5,0,7.5,0,0,0,0,2.5,0,7.5,0,0,0,0,0,0,0,0,5,0,2.5,0,0,0,0,0,7.5,2.5,2.5,0,0,2.5,0
hero_low.txt,6,38,36.67,82.58,33.61,61.63,38,23.68,76.32,73.68,57.89,15.79,10.53,0,0,0,0,10.53,5.26,13.16,7.89,0,10.53,7.89,5.26,10.53,0,18.42,5.26,2.63,0,0,0,0,21.05,0,21.05,5.26,5.26,5.26,5.26,0,2.63,0,2.63,2.63,0,0,0,0,0,0,0,0,10.53,0,0,0,0,0,0,10.53,0,0,0,0,0,0,0,0,2.63,0,2.63,0,0,0,0,0,0,0,0,0,0,0,0,0,0,0,0,0,0,0,2.63,0,2.63,13.16,0,0,10.53,0,0,0,2.63,5.26,0,0,0,0,0,0,0,5.26,2.63,2.63,0,0,0,0
hero_low.txt,7,28,99,79.51,48.09,20.23,28,10.71,85.71,75,50,3.57,3.57,0,0,0,3.57,0,0,25,17.86,3.57,17.86,3.57,3.57,7.14,0,17.86,10.71,10.71,0,0,0,0,3.57,0,3.57,0,0,0,0,0,0,0,0,0,0,0,0,0,0,0,0,0,7.14,0,0,0,0,0,0,7.14,0,0,3.57,3.57,0,0,0,0,7.14,0,0,3.57,3.57,0,0,0,0,0,0,0,0,0,0,0,0,3.57,0,0,0,0,0,0,3.57,10.71,0,3.57,3.57,3.57,0,0,14.29,7.14,0,0,0,0,0,0,0,14.29,3.57,7.14,0,0,3.57,0
hero_low.txt,8,28,7.34,61.28,1,75.77,28,7.14,85.71,85.71,60.71,28.57,14.29,0,0,0,14.29,0,14.29,17.86,7.14,0,7.14,7.14,3.57,7.14,3.57,25,7.14,0,3.57,0,3.57,0,10.71,0,10.71,3.57,0,0,0,0,7.14,0,3.57,3.57,0,0,0,0,0,0,0,0,17.86,3.57,0,0,0,0,3.57,14.29,0,0,7.14,7.14,0,0,0,0,0,0,0,0,0,0,0,0,0,0,0,0,0,0,0,0,0,3.57,0,0,0,0,0,0,10.71,7.14,0,0,3.57,3.57,0,0,0,10.71,0,0,0,0,0,0,0,10.71,3.57,3.57,0,0,3.57,0
hero_low.txt,9,34,5.02,73.71,1,66.58,34,11.76,91.18,79.41,67.65,20.59,14.71,0,0,0,14.71,0,5.88,14.71,8.82,0,5.88,11.76,8.82,8.82,2.94,23.53,2.94,2.94,0,0,0,0,11.76,0,11.76,0,0,0,2.94,0,8.82,2.94,2.94,2.94,0,2.94,2.94,0,0,0,0,0,20.59,2.94,0,0,0,0,2.94,17.65,0,0,14.71,2.94,0,0,0,0,2.94,0,0,2.94,0,0,0,0,0,0,0,0,0,0,0,0,0,2.94,0,0,0,0,0,0,8.82,8.82,0,0,5.88,2.94,0,0,0,17.65,0,0,0,0,0,0,0,11.76,2.94,2.94,0,0,2.94,2.94
hero_low.txt,10,22,81.89,40.06,79.84,99,22,0,95.45,86.36,59.09,4.55,4.55,0,0,0,0,4.55,0,13.64,4.55,4.55,22.73,9.09,4.55,13.64,0,13.64,13.64,22.73,0,0,0,0,4.55,0,4.55,0,0,0,0,0,4.55,0,9.09,9.09,0,0,0,0,0,0,0,0,4.55,0,0,0,0,0,0,4.55,0,0,0,0,0,0,0,0,0,0,0,0,0,0,9.09,0,0,0,0,0,0,4.55,0,0,0,0,0,9.09,0,0,0,0,13.64,4.55,0,0,4.55,0,0,0,13.64,4.55,4.55,0,0,0,0,0,0,22.73,4.55,18.18,0,0,0,0
hero_low.txt,11,59,63.92,84.73,41.6,5.94,59,11.86,86.44,74.58,54.24,13.56,10.17,0,0,0,8.47,1.69,3.39,11.86,6.78,0,16.95,3.39,10.17,8.47,0,13.56,11.86,3.39,1.69,0,1.69,0,5.08,0,5.08,3.39,0,0,0,0,1.69,0,1.69,0,1.69,0,0,0,0,0,0,0,11.86,0,0,0,0,0,0,10.17,0,0,8.47,0,0,0,0,0,8.47,0,0,3.39,5.08,0,1.69,0,0,0,0,0,0,0,0,0,0,5.08,0,0,0,0,0,0,8.47,11.86,0,0,10.17,0,0,1.69,10.17,10.17,0,1.69,0,0,0,0,0,11.86,1.69,5.08,0,0,0,5.08
hero_low.txt,12,13,53.56,40.06,81.58,1,13,15.38,92.31,69.23,46.15,15.38,0,0,0,0,0,0,15.38,15.38,7.69,0,7.69,15.38,0,0,0,38.46,7.69,0,0,0,0,0,15.38,0,15.38,7.69,0,0,7.69,0,0,0,7.69,0,7.69,0,0,0,0,0,0,0,7.69,7.69,0,0,0,7.69,0,0,0,0,0,0,0,0,0,0,0,0,0,0,0,0,7.69,0,0,0,0,0,0,0,0,0,0,0,0,0,0,0,0,0,15.38,15.38,0,7.69,7.69,0,0,7.69,0,15.38,0,15.38,0,0,0,0,0,7.69,7.69,0,0,0,0,0
hero_low.txt,13,26,89.52,62.84,2.93,20.23,26,19.23,88.46,76.92,61.54,11.54,7.69,0,0,0,3.85,3.85,3.85,19.23,11.54,0,19.23,7.69,0,11.54,0,15.38,11.54,7.69,0,0,0,0,7.69,0,7.69,0,0,3.85,0,0,3.85,0,0,0,0,0,0,0,0,0,0,0,7.69,0,0,0,0,0,0,7.69,0,0,3.85,0,3.85,0,0,3.85,0,0,0,0,0,0,3.85,0,0,0,0,0,0,0,0,0,0,0,0,0,0,0,0,0,0,11.54,0,0,3.85,0,7.69,0,7.69,7.69,0,0,0,0,0,0,0,7.69,3.85,3.85,0,0,0,0
hero_low.txt,14,16,99,94.84,15.38,96.74,16,25,75,50,37.5,0,0,0,0,0,0,0,0,18.75,12.5,0,18.75,0,0,0,0,6.25,12.5,6.25,0,0,0,0,12.5,0,12.5,0,0,0,12.5,0,0,0,6.25,6.25,0,0,0,0,0,0,0,0,12.5,6.25,0,0,0,6.25,0,12.5,0,0,0,6.25,0,0,0,0,0,0,0,0,0,0,0,0,0,0,0,0,0,0,0,0,0,0,0,0,0,0,0,0,6.25,25,0,0,12.5,12.5,0,0,0,0,0,0,0,0,0,0,0,6.25,6.25,0,0,0,0,0
hero_low.txt,15,24,99,98.75,89.39,20.23,24,29.17,87.5,62.5,45.83,8.33,8.33,0,0,0,0,8.33,0,25,16.67,0,16.67,0,0,4.17,0,8.33,0,4.17,0,0,0,0,0,0,0,0,0,0,0,0,0,0,8.33,4.17,4.17,0,0,0,0,0,0,0,16.67,4.17,0,0,0,4.17,0,16.67,0,0,0,4.17,0,0,0,0,0,0,0,0,0,0,0,0,0,0,0,0,0,0,0,0,0,0,0,0,0,0,4.17,0,4.17,16.67,0,4.17,12.5,0,0,0,8.33,8.33,0,0,0,0,0,0,0,16.67,4.17,8.33,0,0,0,4.17
hero_low.txt,16,40,99,81,45.52,90.5,40,7.5,90,75,57.5,5,2.5,0,0,0,2.5,0,2.5,25,22.5,0,20,0,0,7.5,0,5,10,7.5,2.5,0,0,2.5,10,2.5,7.5,2.5,0,0,5,0,2.5,0,5,5,0,0,0,0,0,0,0,0,12.5,7.5,0,0,0,5,2.5,10,0,0,0,5,0,0,0,0,0,0,0,0,0,0,0,0,0,0,0,0,0,0,0,0,0,0,0,0,0,0,0,0,2.5,15,0,0,12.5,0,2.5,0,2.5,5,0,0,0,0,0,0,0,5,2.5,2.5,0,0,0,0
hero_low.txt,17,34,84.92,57.59,46.57,20.23,34,20.59,82.35,64.71,55.88,8.82,8.82,0,0,0,5.88,2.94,0,17.65,14.71,0,14.71,5.88,5.88,8.82,2.94,14.71,2.94,0,0,0,0,0,8.82,0,8.82,0,2.94,0,0,0,5.88,0,0,0,0,0,0,0,0,0,0,0,11.76,0,0,0,0,0,0,11.76,0,0,5.88,2.94,0,0,0,0,0,0,0,0,0,0,5.88,0,0,0,0,0,0,0,0,0,0,0,0,0,0,0,0,0,2.94,17.65,0,0,5.88,5.88,5.88,0,11.76,11.76,0,0,0,0,0,0,0,8.82,2.94,5.88,0,0,0,0
hero_low.txt,18,15,98.78,77.41,63.35,1,15,20,86.67,66.67,60,6.67,6.67,0,0,0,0,6.67,0,26.67,13.33,0,20,0,6.67,6.67,0,6.67,6.67,6.67,0,0,0,0,0,0,0,0,0,0,0,0,0,0,6.67,0,6.67,0,0,0,0,0,0,0,6.67,0,0,0,0,0,0,6.67,0,0,0,0,0,0,0,0,6.67,0,6.67,0,0,0,6.67,0,0,0,0,0,0,0,0,0,0,0,0,0,0,0,0,0,0,20,0,0,13.33,0,6.67,0,6.67,6.67,0,0,0,0,0,0,0,6.67,6.67,0,0,0,0,0
hero_low.txt,19,10,89.52,40.06,98.38,20.23,10,30,80,70,40,0,0,0,0,0,0,0,0,10,10,0,10,0,10,10,0,20,10,0,0,0,0,0,0,0,0,0,0,0,0,0,0,0,0,0,0,0,0,0,0,0,0,0,0,0,0,0,0,0,0,0,0,0,0,0,0,0,0,0,0,0,0,0,0,0,20,0,0,0,0,0,0,0,0,0,0,10,0,0,10,0,0,0,0,20,0,10,0,0,0,10,20,20,0,0,0,0,0,0,0,10,10,0,0,0,0,0
hero_low.txt,20,28,89.52,91.33,99,20.23,28,7.14,92.86,82.14,60.71,17.86,14.29,0,0,0,0,14.29,3.57,7.14,7.14,0,28.57,3.57,0,14.29,0,14.29,14.29,3.57,0,0,0,0,10.71,0,10.71,0,3.57,3.57,0,0,3.57,0,0,0,0,0,0,0,0,0,0,0,14.29,0,0,0,0,0,0,14.29,0,0,0,0,0,0,0,0,0,0,0,0,0,0,0,0,0,0,0,0,0,0,0,0,0,0,0,0,0,0,0,0,10.71,17.86,0,7.14,14.29,0,0,0,10.71,7.14,0,0,0,0,0,0,0,7.14,3.57,3.57,0,0,0,0
hero_low.txt,21,24,99,94.84,39.59,1,24,20.83,79.17,62.5,54.17,12.5,12.5,0,0,0,12.5,0,0,12.5,8.33,0,29.17,0,0,8.33,0,8.33,0,0,0,0,0,0,0,0,0,0,0,0,0,0,0,0,4.17,0,4.17,0,0,0,0,0,0,0,12.5,0,0,0,0,0,0,12.5,0,0,12.5,0,0,0,0,0,0,0,0,0,0,0,4.17,0,0,0,0,0,0,0,0,0,0,0,0,0,0,0,0,0,4.17,29.17,0,12.5,16.67,0,4.17,0,0,4.17,0,0,0,0,0,0,0,16.67,4.17,8.33,0,0,4.17,0
hero_high.txt,1,19,98,70.59,70.28,20.23,19,10.53,89.47,73.68,47.37,5.26,5.26,0,0,0,5.26,0,0,21.05,15.79,5.26,15.79,0,10.53,5.26,0,5.26,5.26,15.79,0,0,0,0,5.26,0,5.26,5.26,0,0,0,0,0,0,0,0,0,0,0,0,0,0,0,0,5.26,0,0,0,0,0,0,5.26,0,0,0,5.26,0,0,0,0,5.26,0,5.26,0,0,0,5.26,0,0,0,0,0,0,0,0,0,0,0,0,0,0,0,0,0,5.26,5.26,0,0,0,0,0,5.26,21.05,10.53,0,0,0,0,0,0,0,15.79,5.26,5.26,0,0,0,5.26
hero_high.txt,2,19,95.09,99,33.61,20.23,19,15.79,89.47,68.42,57.89,15.79,15.79,0,0,0,15.79,0,0,21.05,0,0,26.32,5.26,0,0,0,10.53,5.26,10.53,0,0,0,0,15.79,10.53,5.26,0,0,0,5.26,0,0,0,0,0,0,0,0,0,0,0,0,0,21.05,0,0,0,0,0,0,21.05,0,0,0,15.79,0,0,0,0,10.53,0,5.26,0,0,5.26,5.26,0,0,0,0,0,0,0,0,0,0,0,0,0,0,0,0,0,0,42.11,0,0,31.58,10.53,0,0,0,5.26,0,5.26,0,0,0,0,0,10.53,5.26,5.26,0,0,0,0
hero_high.txt,3,5,1,99,1,99,5,0,100,80,80,20,20,0,0,20,0,0,0,20,20,0,0,40,0,0,20,40,0,0,0,0,0,0,20,0,20,0,0,20,0,0,20,0,20,20,0,0,0,0,0,0,0,0,40,20,0,0,0,20,0,40,0,0,0,0,0,0,0,0,0,0,0,0,0,0,0,0,0,0,0,0,0,0,0,0,0,0,0,0,0,0,0,0,0,0,0,0,0,0,0,0,0,0,20,0,0,0,0,0,0,40,20,0,0,0,20,0
hero_high.txt,4,4,89.52,1,99,20.23,4,25,75,75,75,0,0,0,0,0,0,0,0,25,25,0,25,0,25,0,25,0,0,0,0,0,0,0,50,0,50,0,0,0,0,0,50,0,0,0,0,0,0,0,0,0,0,0,0,0,0,0,0,0,0,0,0,0,0,0,0,0,0,0,0,0,0,0,0,0,0,0,0,0,0,0,0,0,0,0,0,0,0,0,0,0,0,0,0,0,0,0,0,0,0,0,0,0,0,0,0,0,0,0,0,25,25,0,0,0,0,0
hero_high.txt,5,2,1,40.06,1,20.23,2,50,100,100,50,0,0,0,0,0,0,0,0,0,0,0,0,50,0,0,0,50,50,0,0,0,0,0,0,0,0,0,0,0,0,0,0,0,0,0,0,0,0,0,0,0,0,0,0,0,0,0,0,0,0,0,0,0,0,0,0,0,0,0,0,0,0,0,0,0,0,0,0,0,0,0,0,0,0,0,0,0,0,0,0,0,0,0,0,0,0,0,0,0,0,0,0,0,0,0,0,0,0,0,0,50,50,0,0,0,0,0
hero_high.txt,6,9,98.16,92.24,1,1,9,0,88.89,66.67,33.33,11.11,11.11,0,0,0,11.11,0,0,11.11,0,0,22.22,0,0,0,0,22.22,11.11,0,0,0,0,0,0,0,0,0,0,0,0,0,0,0,22.22,0,22.22,11.11,0,11.11,0,0,11.11,0,22.22,11.11,0,0,0,0,11.11,11.11,0,0,0,11.11,0,0,0,0,11.11,0,11.11,0,0,0,0,0,0,0,0,0,0,0,0,0,0,0,0,0,0,0,0,0,11.11,11.11,0,11.11,0,0,0,0,0,11.11,0,0,0,0,0,0,0,11.11,11.11,0,0,0,0,0
hero_high.txt,7,10,15.41,89.5,7.03,1,10,10,90,80,60,20,20,0,0,0,20,0,0,40,0,0,10,10,10,0,0,20,10,30,0,0,0,0,40,20,20,0,0,0,10,0,10,0,10,0,10,0,0,0,0,0,0,0,20,0,0,0,0,0,0,20,0,0,0,20,0,0,0,0,10,0,10,0,0,0,0,0,0,0,0,0,0,0,0,0,0,0,10,0,0,0,0,0,0,30,0,0,20,10,0,0,0,10,0,10,0,0,0,0,0,10,10,0,0,0,0,0
hero_high.txt,8,29,1,78.45,1,98.26,29,3.45,96.55,86.21,72.41,24.14,10.34,0,0,3.45,6.9,0,13.79,24.14,6.9,0,3.45,24.14,6.9,0,6.9,37.93,0,10.34,0,0,0,0,27.59,10.34,17.24,3.45,0,6.9,3.45,0,6.9,0,13.79,10.34,3.45,6.9,3.45,3.45,0,3.45,0,0,20.69,10.34,0,0,0,6.9,0,17.24,0,0,0,6.9,0,0,0,0,0,0,0,0,0,0,0,0,0,0,0,0,0,0,0,0,0,0,0,0,0,0,0,0,6.9,3.45,0,0,0,3.45,0,0,3.45,13.79,10.34,3.45,0,0,0,0,0,20.69,3.45,6.9,0,0,10.34,0
hero_high.txt,9,28,35.59,61.28,24.32,75.77,28,10.71,89.29,71.43,60.71,17.86,10.71,0,0,0,10.71,0,7.14,14.29,3.57,0,17.86,10.71,7.14,3.57,3.57,21.43,0,3.57,0,0,0,0,17.86,3.57,14.29,3.57,3.57,3.57,0,0,3.57,0,3.57,3.57,0,0,0,0,0,0,0,0,10.71,0,0,0,0,0,0,10.71,0,0,0,10.71,0,0,0,0,7.14,3.57,3.57,0,0,0,3.57,0,0,0,0,0,0,0,0,3.57,0,0,0,0,0,0,0,0,7.14,14.29,0,3.57,14.29,0,0,0,3.57,10.71,3.57,0,0,0,0,0,0,10.71,3.57,0,0,0,7.14,0
hero_high.txt,10,38,85.45,90.88,1,92.27,38,13.16,81.58,71.05,57.89,15.79,13.16,0,0,0,13.16,0,2.63,26.32,10.53,0,15.79,7.89,2.63,2.63,0,13.16,13.16,5.26,0,0,0,0,10.53,0,10.53,2.63,2.63,0,0,0,5.26,0,5.26,5.26,0,0,0,0,0,0,0,0,15.79,2.63,0,0,0,2.63,0,15.79,0,0,0,13.16,0,0,0,0,5.26,0,5.26,0,0,0,0,0,0,0,0,0,0,0,0,0,0,2.63,0,0,0,0,0,0,2.63,7.89,0,0,5.26,2.63,0,0,2.63,7.89,0,0,0,0,0,0,0,10.53,2.63,2.63,0,0,5.26,0
hero_high.txt,11,11,1.5,1,50.45,20.23,11,36.36,72.73,63.64,54.55,18.18,0,0,0,0,0,0,18.18,0,0,0,9.09,9.09,9.09,9.09,9.09,9.09,9.09,0,9.09,0,0,9.09,27.27,0,27.27,0,0,0,0,0,18.18,9.09,0,0,0,0,0,0,0,0,0,0,0,0,0,0,0,0,0,0,0,0,0,0,0,0,0,0,0,0,0,0,0,0,0,0,0,0,0,0,0,0,0,0,0,0,0,0,0,0,0,0,0,0,0,0,0,0,0,0,0,9.09,0,0,0,0,0,0,0,27.27,9.09,9.09,0,0,9.09,0
hero_high.txt,12,33,89.52,58.11,86.68,67.94,33,21.21,90.91,66.67,54.55,9.09,6.06,0,0,0,6.06,0,3.03,18.18,9.09,0,15.15,6.06,3.03,6.06,0,15.15,3.03,9.09,3.03,0,0,3.03,12.12,3.03,9.09,3.03,0,0,0,0,6.06,0,9.09,6.06,3.03,3.03,3.03,0,0,0,0,0,15.15,9.09,0,0,0,6.06,0,9.09,0,0,0,6.06,0,0,0,0,0,0,0,0,0,0,0,0,0,0,0,0,0,0,0,0,0,6.06,0,0,0,0,0,0,3.03,12.12,0,3.03,9.09,0,0,0,9.09,12.12,3.03,0,0,0,0,0,0,12.12,3.03,6.06,0,0,3.03,0
hero_high.txt,13,4,1,40.06,1,99,4,25,100,75,75,25,0,0,0,0,0,0,25,0,0,0,0,25,25,0,0,25,0,0,0,0,0,0,0,0,0,0,0,0,0,0,0,0,25,25,0,25,25,0,0,0,0,0,0,0,0,0,0,0,0,0,0,0,0,0,0,0,0,0,0,0,0,0,0,0,0,0,0,0,0,0,0,0,0,0,0,0,0,0,0,0,0,25,0,0,0,0,0,0,0,0,0,25,0,0,0,0,0,0,0,50,50,0,0,0,0,0
hero_high.txt,14,34,1.05,57.59,1,20.23,34,20.59,91.18,82.35,70.59,23.53,11.76,0,0,0,11.76,0,11.76,14.71,2.94,0,8.82,20.59,5.88,5.88,2.94,23.53,5.88,5.88,0,0,0,0,26.47,5.88,20.59,5.88,0,2.94,2.94,0,8.82,0,5.88,2.94,2.94,2.94,0,2.94,0,0,0,0,14.71,2.94,0,0,0,2.94,0,14.71,0,0,0,11.76,0,0,0,0,0,0,0,0,0,0,2.94,2.94,2.94,0,0,0,0,0,0,0,0,0,0,0,0,0,2.94,0,5.88,5.88,0,0,2.94,0,0,2.94,0,14.71,0,0,0,0,0,0,0,11.76,2.94,5.88,0,0,2.94,0
hero_high.txt,15,18,49.68,99,1.17,93.93,18,16.67,83.33,66.67,50,22.22,16.67,0,0,0,16.67,0,5.56,16.67,5.56,0,11.11,5.56,5.56,0,0,16.67,5.56,0,0,0,0,0,16.67,0,16.67,11.11,5.56,0,0,0,0,0,5.56,5.56,0,0,0,0,0,0,0,0,27.78,5.56,0,0,0,5.56,0,27.78,0,0,0,16.67,0,0,0,0,0,0,0,0,0,0,5.56,5.56,0,0,5.56,0,0,0,0,0,0,0,0,0,5.56,0,0,0,0,0,0,0,0,0,0,0,11.11,16.67,0,0,0,0,0,0,0,16.67,5.56,11.11,0,0,0,0
hero_high.txt,16,39,53.56,40.06,91.37,91.4,39,28.21,97.44,79.49,58.97,12.82,2.56,0,0,0,2.56,0,10.26,15.38,2.56,0,17.95,5.13,7.69,10.26,0,12.82,12.82,15.38,2.56,2.56,0,0,25.64,0,25.64,10.26,5.13,0,2.56,0,5.13,0,5.13,5.13,0,0,0,0,0,0,0,0,12.82,10.26,2.56,0,0,2.56,5.13,5.13,0,0,0,2.56,2.56,0,0,2.56,2.56,0,0,2.56,2.56,0,0,0,0,0,0,0,0,0,0,0,0,0,0,0,0,0,0,0,0,2.56,0,0,2.56,0,0,0,10.26,15.38,0,0,0,0,0,0,0,10.26,2.56,5.13,0,0,2.56,0
hero_high.txt,17,21,2.35,40.06,97.09,88.66,21,19.05,95.24,76.19,61.9,23.81,14.29,0,0,0,14.29,0,9.52,4.76,0,4.76,14.29,9.52,9.52,9.52,4.76,19.05,0,9.52,0,0,0,0,28.57,4.76,23.81,9.52,0,0,0,0,14.29,0,4.76,4.76,0,0,0,0,0,0,0,0,23.81,9.52,0,0,0,4.76,0,19.05,0,0,0,14.29,0,0,0,0,9.52,0,0,4.76,9.52,0,0,0,0,0,0,0,0,0,0,0,0,0,0,0,0,0,0,0,4.76,4.76,0,0,4.76,0,0,0,14.29,14.29,0,0,0,0,0,0,0,14.29,4.76,4.76,0,0,4.76,0
hero_high.txt,18,13,96.67,81.78,2.93,1,13,30.77,76.92,61.54,46.15,7.69,7.69,0,0,0,7.69,0,0,7.69,7.69,0,23.08,0,7.69,7.69,0,0,15.38,0,0,0,0,0,7.69,0,7.69,7.69,0,0,0,0,0,0,15.38,0,7.69,15.38,0,7.69,0,0,0,0,15.38,7.69,0,0,0,0,7.69,7.69,0,0,0,7.69,0,0,0,0,0,0,0,0,0,0,7.69,7.69,0,0,0,0,0,0,0,0,0,0,0,0,7.69,0,0,0,0,0,0,0,0,0,0,0,7.69,0,0,0,0,0,0,0,0,15.38,7.69,7.69,0,0,0,0
hero_high.txt,19,16,1,94.84,1,99,16,18.75,100,81.25,68.75,18.75,18.75,0,0,0,18.75,0,0,12.5,12.5,0,0,25,6.25,6.25,12.5,25,12.5,0,12.5,6.25,6.25,0,31.25,0,31.25,0,6.25,12.5,6.25,6.25,6.25,0,25,25,0,0,0,0,0,0,0,0,37.5,18.75,6.25,0,0,12.5,0,31.25,0,0,0,18.75,0,0,0,0,0,0,0,0,0,0,0,0,0,0,0,0,0,0,0,0,0,0,0,0,0,0,0,0,12.5,0,0,0,0,0,0,0,0,0,0,0,0,0,0,0,0,25,0,6.25,6.25,0,12.5,0
hero_high.txt,20,43,76.62,40.06,98.53,1,43,20.93,88.37,65.12,53.49,11.63,4.65,0,0,0,2.33,2.33,6.98,18.6,6.98,4.65,16.28,4.65,2.33,9.3,2.33,9.3,2.33,9.3,0,0,0,0,9.3,0,9.3,2.33,2.33,0,0,0,4.65,0,9.3,2.33,6.98,2.33,0,0,0,0,0,0,13.95,9.3,0,0,2.33,4.65,0,6.98,0,0,0,2.33,0,0,0,0,0,0,0,0,0,0,4.65,0,0,0,0,0,0,0,2.33,0,0,0,2.33,0,0,0,0,0,2.33,11.63,0,0,11.63,0,0,0,13.95,4.65,0,0,0,0,0,0,0,18.6,2.33,9.3,0,0,6.98,0
hero_high.txt,21,2,89.52,40.06,99,99,2,50,100,50,0,0,0,0,0,0,0,0,0,0,0,0,0,0,0,0,0,0,50,0,0,0,0,0,0,0,0,0,0,0,0,0,0,0,50,50,0,0,0,0,0,0,0,0,50,50,0,0,0,0,50,0,0,0,0,0,0,0,0,0,0,0,0,0,0,0,0,0,0,0,0,0,0,0,0,0,0,0,0,0,0,0,0,0,0,0,0,0,0,0,0,0,50,0,0,0,0,0,0,0,0,50,50,0,0,0,0,0
hero_high.txt,22,2,89.52,40.06,1,20.23,2,50,50,0,0,0,0,0,0,0,0,0,0,0,0,50,0,0,0,0,0,0,0,0,0,0,0,0,0,0,0,0,0,0,0,0,0,0,0,0,0,0,0,0,0,0,0,0,0,0,0,0,0,0,0,0,0,0,0,0,0,0,0,0,0,0,0,0,0,0,0,0,0,0,0,0,0,0,0,0,0,0,0,0,0,0,0,0,0,0,0,0,0,0,0,0,0,0,0,0,0,0,0,0,0,200,50,0,0,0,0,150
hero_high.txt,23,5,99,99,63.35,99,5,20,100,80,60,20,20,0,0,20,0,0,0,20,20,0,20,0,0,0,0,20,0,0,0,0,0,0,20,0,20,20,0,0,0,0,0,0,20,20,0,0,0,0,0,0,0,0,40,20,20,20,0,0,20,20,0,0,0,0,0,0,0,0,0,0,0,0,0,0,0,0,0,0,0,0,0,0,0,0,0,0,0,0,0,0,0,0,0,0,0,0,0,0,0,0,0,0,0,0,0,0,0,0,0,20,20,0,0,0,0,0
hero_high.txt,24,21,97.56,1,97.09,88.66,21,33.33,100,61.9,57.14,9.52,4.76,4.76,0,0,0,0,4.76,14.29,9.52,0,23.81,4.76,0,4.76,4.76,9.52,4.76,0,14.29,0,4.76,9.52,14.29,0,14.29,9.52,0,0,0,0,4.76,0,14.29,9.52,4.76,0,0,0,0,0,0,0,4.76,4.76,0,0,0,0,4.76,0,0,0,0,0,0,0,0,0,0,0,0,0,0,0,4.76,0,0,0,0,0,0,0,0,0,0,0,0,0,0,0,0,0,4.76,19.05,0,0,9.52,9.52,0,0,0,4.76,0,0,0,0,0,0,0,9.52,4.76,4.76,0,0,0,0
hero_high.txt,25,3,10.19,40.06,1,20.23,3,33.33,33.33,33.33,33.33,0,0,0,0,0,0,0,0,0,0,0,0,33.33,0,0,0,33.33,0,0,0,0,0,0,0,0,0,0,0,0,0,0,0,0,0,0,0,0,0,0,0,0,0,0,0,0,0,0,0,0,0,0,0,0,0,0,0,0,0,0,0,0,0,0,0,0,0,0,0,0,0,0,0,0,0,0,0,0,0,0,0,0,0,0,0,0,0,0,0,0,0,0,0,33.33,0,0,0,0,0,0,0,33.33,33.33,0,0,0,0,0
hero_high.txt,26,9,66.04,99,1,99,9,44.44,77.78,66.67,55.56,22.22,22.22,0,0,0,22.22,0,0,22.22,11.11,0,11.11,11.11,0,0,0,22.22,0,0,0,0,0,0,11.11,0,11.11,11.11,0,0,0,0,0,0,11.11,11.11,0,0,0,0,0,0,0,0,33.33,11.11,11.11,11.11,0,0,11.11,22.22,0,0,0,22.22,0,0,0,0,0,0,0,0,0,0,0,0,0,0,0,0,0,0,0,0,0,0,0,0,0,0,0,0,0,0,0,0,0,0,0,0,0,22.22,0,0,0,0,0,0,0,33.33,11.11,22.22,0,0,0,0
hero_high.txt,27,2,99,40.06,1,20.23,2,50,50,50,50,0,0,0,0,0,0,0,0,50,50,0,0,0,0,0,0,0,0,0,0,0,0,0,0,0,0,0,0,0,0,0,0,0,0,0,0,0,0,0,0,0,0,0,0,0,0,0,0,0,0,0,0,0,0,0,0,0,0,0,0,0,0,0,0,0,0,0,0,0,0,0,0,0,0,0,0,0,0,0,0,0,0,0,0,0,0,0,0,0,0,0,0,0,0,0,0,0,0,0,0,50,0,0,0,50,0,0
hero_high.txt,28,16,78.28,94.84,15.38,1,16,18.75,93.75,75,68.75,18.75,12.5,0,0,0,12.5,0,6.25,12.5,6.25,0,25,0,12.5,6.25,0,6.25,0,0,12.5,0,0,12.5,12.5,0,12.5,0,6.25,0,6.25,0,0,0,6.25,0,6.25,0,0,0,0,0,0,0,12.5,0,0,0,0,0,0,12.5,0,0,0,12.5,0,0,0,0,0,0,0,0,0,0,6.25,0,0,0,0,0,0,6.25,0,0,0,0,0,0,0,0,0,0,0,12.5,0,0,12.5,0,0,0,12.5,6.25,0,0,0,0,0,0,0,6.25,6.25,0,0,0,0,0
hero_high.txt,29,17,29.85,2.18,97.97,1,17,23.53,82.35,76.47,52.94,5.88,0,0,0,0,0,0,5.88,11.76,11.76,0,5.88,5.88,5.88,17.65,5.88,17.65,11.76,0,5.88,0,0,5.88,29.41,0,29.41,0,11.76,0,11.76,0,11.76,0,11.76,0,11.76,0,0,0,0,0,0,0,5.88,5.88,0,0,5.88,0,0,5.88,0,0,0,0,0,0,0,0,0,0,0,0,0,0,0,0,0,0,0,0,0,0,0,0,0,5.88,11.76,0,0,0,0,0,5.88,11.76,0,5.88,5.88,0,0,0,5.88,17.65,0,0,0,0,0,0,0,17.65,0,11.76,0,5.88,0,0
hero_high.txt,30,29,1.67,99,1,98.26,29,20.69,100,86.21,68.97,31.03,27.59,0,0,0,13.79,10.34,3.45,13.79,0,0,10.34,10.34,6.9,6.9,0,27.59,3.45,3.45,3.45,3.45,0,0,13.79,0,13.79,3.45,0,0,3.45,0,6.9,0,6.9,6.9,0,0,0,0,0,0,0,0,44.83,13.79,3.45,3.45,0,3.45,10.34,34.48,0,3.45,0,13.79,0,0,0,0,0,0,0,0,0,0,0,0,0,0,0,0,0,0,0,0,0,0,0,0,0,0,0,0,0,6.9,0,0,0,3.45,3.45,0,3.45,20.69,0,0,0,0,0,0,0,13.79,3.45,10.34,0,0,0,0
hero_high.txt,31,37,59.12,83.39,9.25,62.77,37,27.03,78.38,64.86,54.05,16.22,13.51,0,0,0,10.81,0,2.7,16.22,8.11,0,13.51,8.11,5.41,2.7,2.7,16.22,2.7,0,8.11,2.7,2.7,2.7,10.81,0,10.81,2.7,0,0,2.7,0,2.7,0,2.7,2.7,0,0,0,0,0,0,0,0,18.92,5.41,2.7,2.7,0,0,0,13.51,0,0,0,10.81,0,0,0,0,0,0,0,0,0,0,0,0,0,0,0,0,0,0,0,0,0,0,0,0,0,0,0,0,0,18.92,5.41,0,10.81,2.7,0,0,5.41,10.81,0,5.41,0,0,0,0,0,10.81,2.7,0,0,0,2.7,5.41
hero_high.txt,32,2,89.52,40.06,99,99,2,50,100,50,0,0,0,0,0,0,0,0,0,0,0,0,0,0,0,0,0,0,50,0,0,0,0,0,0,0,0,0,0,0,0,0,0,0,50,50,0,0,0,0,0,0,0,0,50,50,0,0,0,0,50,0,0,0,0,0,0,0,0,0,0,0,0,0,0,0,0,0,0,0,0,0,0,0,0,0,0,0,0,0,0,0,0,0,0,0,0,0,0,0,0,0,50,0,0,0,0,0,0,0,0,50,50,0,0,0,0,0
hero_high.txt,33,2,89.52,40.06,1,20.23,2,50,50,0,0,0,0,0,0,0,0,0,0,0,0,50,0,0,0,0,0,0,0,0,0,0,0,0,0,0,0,0,0,0,0,0,0,0,0,0,0,0,0,0,0,0,0,0,0,0,0,0,0,0,0,0,0,0,0,0,0,0,0,0,0,0,0,0,0,0,0,0,0,0,0,0,0,0,0,0,0,0,0,0,0,0,0,0,0,0,0,0,0,0,0,0,0,0,0,0,0,0,0,0,0,200,50,0,0,0,0,150
hero_high.txt,34,4,1,99,89.39,20.23,4,50,75,50,50,25,25,0,0,25,0,0,0,0,0,0,0,25,0,0,0,25,0,0,0,0,0,0,25,0,25,25,0,0,0,0,0,0,0,0,0,0,0,0,0,0,0,0,25,0,0,0,0,0,0,25,0,0,0,0,0,0,0,0,0,0,0,0,0,0,0,0,0,0,0,0,0,0,0,0,0,0,0,0,0,0,0,0,0,0,0,0,0,0,0,0,0,0,0,0,0,0,0,0,0,25,0,0,25,0,0,0
